EmployeeID,FirstName,LastName,Title,HireDate,Department,Salary
1,Matthew,Clark,Account Executive,2022-04-22,IT,65482
2,John,White,Sales Manager,2014-12-22,HR,84494
3,Stephanie,Kim,Sales Representative,2017-10-11,HR,65005
4,Jerry,Garrison,Sales Representative,2011-07-17,Finance,72481
5,Haley,Rocha,Sales Representative,2023-05-09,IT,68401
6,Nicole,Rice,Account Executive,2023-05-18,Finance,80431
7,Stephen,Wright,Sales Manager,2019-05-03,Sales,104459
8,Linda,Byrd,Sales Manager,2010-05-03,Finance,118682
9,Peter,White,Sales Manager,2018-11-27,Finance,116789
10,Brandon,Wright,Sales Representative,2011-05-30,HR,88504
11,Todd,Patton,Sales Manager,2024-01-16,HR,43223
12,Brittney,Watkins,Account Executive,2023-05-04,IT,110977
13,Christine,Turner,Account Executive,2018-01-13,Finance,80149
14,Diana,Obrien,Sales Manager,2014-03-02,Finance,52863
15,Johnny,Hill,Sales Representative,2020-12-23,IT,69564
16,Thomas,Calhoun,Account Executive,2020-05-11,Marketing,62499
17,Courtney,Williamson,Account Executive,2018-06-07,IT,72132
18,Jillian,King,Sales Representative,2010-07-07,HR,44533
19,Michael,Ross,Sales Representative,2016-12-29,HR,74409
20,Samuel,Henderson,Sales Manager,2019-07-20,Finance,62987
21,Kim,Moreno,Account Executive,2013-11-05,HR,50633
22,Abigail,Greene,Account Executive,2015-06-03,IT,96207
23,Christina,Taylor,Sales Manager,2018-06-14,Finance,90535
24,Clifford,Lawson,Sales Manager,2022-06-03,IT,43996
25,Matthew,Davila,Account Executive,2012-06-07,IT,40014
26,Shawn,Williams,Account Executive,2020-05-10,Finance,41674
27,Aaron,Peters,Sales Representative,2014-09-26,Marketing,77867
28,Tyler,Roberts,Sales Representative,2011-09-30,HR,97251
29,Randy,Ruiz,Account Executive,2015-04-23,Sales,95709
30,Gary,Cooper,Account Executive,2014-03-18,Sales,57864
31,Emily,Salinas,Sales Representative,2011-09-11,Sales,66321
32,Jessica,Acevedo,Sales Manager,2017-10-16,HR,64082
33,Christine,Wang,Sales Manager,2024-10-17,Marketing,80131
34,Jacqueline,Jones,Account Executive,2021-03-12,IT,111493
35,Elizabeth,Luna,Account Executive,2015-10-06,Finance,44210
36,Robert,Bryant,Sales Representative,2019-08-24,Marketing,104586
37,Whitney,Mcdonald,Account Executive,2016-08-24,Sales,74851
38,Jasmine,Serrano,Sales Manager,2013-03-09,HR,66865
39,Jennifer,Sanders,Sales Representative,2023-07-18,HR,44158
40,John,Hill,Sales Representative,2022-01-13,Finance,97852
41,Ronald,Barrett,Sales Manager,2019-05-01,IT,89339
42,Cynthia,Bennett,Sales Manager,2010-03-01,Marketing,60572
43,Michael,Hardy,Sales Representative,2020-06-27,Marketing,44100
44,Jennifer,Armstrong,Account Executive,2019-12-29,Marketing,84469
45,Tammy,Alexander,Sales Manager,2024-11-12,IT,100861
46,Philip,Woods,Sales Representative,2017-08-21,IT,58456
47,Maria,Alexander,Account Executive,2017-11-03,IT,95803
48,Ashley,West,Account Executive,2015-01-09,Finance,105633
49,Jesse,Kerr,Sales Representative,2020-07-16,HR,115019
50,Lisa,George,Sales Manager,2014-12-17,Sales,76232
51,Vincent,Rasmussen,Account Executive,2020-08-18,IT,107323
52,John,King,Sales Manager,2010-05-25,HR,61788
53,Eric,Zimmerman,Sales Representative,2020-02-26,IT,56092
54,Jeffrey,Williams,Sales Manager,2018-03-13,Sales,41132
55,Steven,Lowe,Account Executive,2017-08-02,IT,117850
56,Gilbert,Jensen,Sales Representative,2023-05-20,HR,53068
57,Linda,Shaw,Account Executive,2011-10-11,Finance,87401
58,Jennifer,Case,Account Executive,2014-04-09,Sales,88526
59,Michael,Farley,Sales Representative,2024-11-30,HR,98958
60,Brian,Sullivan,Sales Representative,2014-07-31,Marketing,116593
61,Hannah,Cole,Sales Manager,2021-01-15,Marketing,95041
62,Timothy,Turner,Sales Representative,2015-09-16,Marketing,103372
63,Heidi,Smith,Sales Manager,2010-12-08,Finance,107562
64,Charles,Koch,Sales Representative,2018-06-19,IT,104046
65,Bryan,Marshall,Account Executive,2012-02-07,IT,108086
66,Wayne,Jones,Sales Manager,2011-08-11,IT,47089
67,Katelyn,Hebert,Sales Representative,2021-02-12,Finance,56623
68,Heather,Lee,Sales Manager,2010-08-05,Marketing,89641
69,Jonathan,Lopez,Sales Manager,2018-07-02,IT,52043
70,Kristi,Hernandez,Sales Manager,2013-08-20,Finance,106572
71,Brenda,Rodriguez,Account Executive,2019-02-28,Finance,104136
72,Renee,Boyd,Sales Representative,2024-11-14,HR,97061
73,Lisa,Kennedy,Sales Representative,2019-03-24,IT,46122
74,Martha,Simmons,Sales Manager,2025-01-25,Marketing,87346
75,James,Carlson,Sales Representative,2018-08-28,Sales,56150
76,David,Bishop,Account Executive,2014-02-21,Finance,117228
77,Michael,Hall,Sales Manager,2023-06-03,HR,52054
78,Wendy,Davis,Account Executive,2019-05-18,Sales,41767
79,Katherine,Fisher,Account Executive,2024-11-02,Finance,44708
80,Robin,Roberson,Sales Representative,2023-03-17,HR,97999
81,Andres,Wilson,Sales Representative,2015-10-20,IT,92158
82,Susan,Moran,Sales Manager,2010-03-03,HR,69292
83,Ashley,Hampton,Account Executive,2020-07-12,Finance,68082
84,Andrew,Bowman,Sales Representative,2019-07-06,IT,74024
85,Nicole,Luna,Sales Manager,2017-06-17,Marketing,63461
86,Dennis,Perry,Sales Manager,2024-12-21,HR,45351
87,Margaret,Nelson,Sales Representative,2025-02-17,Sales,87031
88,Aaron,Becker,Account Executive,2021-04-18,IT,79718
89,Lawrence,Nguyen,Sales Manager,2020-05-13,IT,52777
90,Shelly,Baker,Sales Representative,2010-04-09,Marketing,48308
91,Jerry,Taylor,Sales Manager,2022-12-06,HR,83441
92,Matthew,Williams,Sales Representative,2020-11-06,Sales,53882
93,Barbara,Morris,Sales Manager,2011-10-08,Marketing,44714
94,Kathy,Smith,Account Executive,2014-05-27,HR,83432
95,Marie,Carter,Sales Manager,2014-04-27,Sales,57658
96,Jeffrey,Hall,Sales Representative,2012-09-13,Sales,109245
97,Michael,Olsen,Sales Representative,2024-08-19,Finance,117027
98,Roger,Odom,Sales Representative,2011-06-09,Sales,90808
99,Christian,Moore,Account Executive,2013-02-09,HR,79530
100,Kyle,Williams,Sales Representative,2014-02-05,Marketing,48834
101,Kristopher,Lynch,Sales Representative,2011-06-30,Marketing,54358
102,Trevor,Hudson,Account Executive,2021-07-11,Finance,49872
103,David,Berry,Sales Representative,2018-06-10,HR,98694
104,Gabriel,Jimenez,Sales Representative,2015-02-27,Sales,90321
105,Thomas,Jones,Account Executive,2013-12-23,Finance,113709
106,Kyle,Henry,Sales Manager,2022-12-03,IT,56685
107,Darlene,Scott,Sales Representative,2017-06-19,HR,51333
108,Diana,Luna,Sales Manager,2022-04-28,Finance,51356
109,Catherine,Knight,Account Executive,2024-07-13,Marketing,80584
110,Jennifer,Bright,Sales Representative,2016-03-11,Finance,91362
111,Darlene,Ruiz,Sales Representative,2021-09-03,IT,51344
112,Melissa,Miller,Account Executive,2018-10-23,HR,84619
113,Sheila,Roberts,Sales Representative,2011-09-01,Finance,41943
114,Brianna,Wilson,Sales Manager,2012-08-05,Sales,100217
115,Monica,Wilson,Sales Manager,2021-01-17,HR,61021
116,Shelby,Burke,Account Executive,2017-07-21,Finance,48348
117,Teresa,Grant,Sales Representative,2019-01-13,Finance,117286
118,Helen,Robinson,Sales Representative,2021-08-24,HR,110921
119,Nicole,Allen,Account Executive,2015-10-31,Marketing,56639
120,Kaitlin,Anderson,Sales Manager,2024-10-04,Sales,104566
121,Brooke,Clark,Sales Manager,2013-12-18,HR,82011
122,Julian,Rodriguez,Account Executive,2014-08-13,Sales,58640
123,Cynthia,Cunningham,Sales Representative,2010-04-07,Sales,75402
124,Lisa,Mason,Sales Manager,2022-06-19,HR,105088
125,Shane,Freeman,Sales Representative,2024-07-05,Finance,100240
126,Nichole,Roberson,Sales Manager,2018-02-27,Marketing,41891
127,Ryan,Green,Sales Representative,2022-03-13,Sales,68259
128,Rebecca,Moreno,Sales Manager,2015-01-12,Sales,103021
129,Judith,Garcia,Sales Representative,2013-09-01,Finance,68987
130,Brittney,Church,Account Executive,2023-01-28,HR,92616
131,Lynn,Smith,Sales Manager,2021-10-02,Marketing,50683
132,Nicholas,Jackson,Account Executive,2017-05-12,Sales,101083
133,Sean,Davenport,Sales Manager,2010-12-10,Sales,49967
134,Amber,Chen,Sales Manager,2023-08-21,HR,117664
135,Timothy,Webb,Sales Manager,2015-03-26,Finance,80194
136,Lisa,Thompson,Sales Representative,2015-07-09,IT,102661
137,Kayla,Brown,Sales Manager,2014-05-22,Finance,112307
138,Ashley,Brock,Account Executive,2020-09-28,Sales,83452
139,Lisa,Graham,Sales Representative,2019-04-11,Sales,52857
140,Albert,Perez,Sales Representative,2018-04-19,Marketing,71301
141,Kayla,Dominguez,Sales Manager,2017-10-23,Finance,95900
142,Nancy,Adams,Sales Representative,2013-01-09,IT,71460
143,Christopher,Warner,Sales Manager,2013-06-22,Marketing,89800
144,Sarah,Rodriguez,Account Executive,2017-02-02,IT,49832
145,Scott,Carter,Sales Representative,2019-07-03,Marketing,87408
146,Laura,Roberts,Sales Representative,2013-09-18,Finance,52626
147,Heather,Mccarthy,Account Executive,2024-06-08,Sales,97872
148,Pamela,Navarro,Account Executive,2013-04-03,IT,118959
149,Rebecca,Jacobson,Sales Manager,2019-02-10,Finance,56802
150,Andrew,Hernandez,Sales Representative,2019-09-30,IT,56333
151,Steven,Baxter,Account Executive,2011-08-23,Finance,75120
152,David,Rogers,Sales Representative,2015-04-25,Marketing,62159
153,Brandon,Garcia,Account Executive,2021-10-29,Finance,64660
154,Sherri,Ellis,Sales Representative,2015-12-17,Marketing,96843
155,Tracy,Wells,Account Executive,2016-02-15,Sales,74519
156,Jonathan,White,Sales Representative,2024-01-15,Marketing,84935
157,Julie,Murphy,Sales Manager,2017-11-10,HR,62507
158,Brooke,Moran,Sales Representative,2016-01-03,Sales,111060
159,David,Copeland,Sales Manager,2022-08-18,Finance,97223
160,David,Brown,Sales Manager,2013-03-02,Finance,67675
161,Rick,Massey,Sales Manager,2014-05-28,HR,57673
162,Steven,Warren,Sales Representative,2014-02-10,Finance,75470
163,Christine,Cox,Sales Representative,2022-06-14,Sales,81603
164,Megan,Garcia,Sales Manager,2012-03-01,Sales,71230
165,Jesse,Gutierrez,Account Executive,2010-06-20,Marketing,54542
166,William,Dunn,Sales Representative,2024-11-07,IT,101407
167,Ronald,Dominguez,Sales Representative,2015-09-07,Finance,93821
168,Kristin,Allison,Sales Representative,2019-05-29,HR,75690
169,Courtney,Cooper,Sales Representative,2023-11-27,Sales,46654
170,Jose,Smith,Sales Manager,2023-04-11,Sales,107557
171,Kimberly,Barrett,Account Executive,2023-11-10,Sales,67446
172,Walter,Hays,Account Executive,2022-09-29,IT,88484
173,Priscilla,Wong,Account Executive,2011-11-24,IT,84078
174,Willie,Miller,Account Executive,2010-11-05,Finance,44225
175,Joshua,Rivera,Sales Manager,2023-05-10,HR,114745
176,Angela,Watson,Sales Representative,2025-02-02,IT,85487
177,Nicole,Peters,Sales Representative,2013-05-13,Marketing,108676
178,Mark,Harrington,Sales Manager,2011-05-23,IT,51721
179,Kathleen,Williams,Sales Representative,2018-05-15,Sales,42587
180,Melinda,Wright,Sales Manager,2022-03-17,HR,79437
181,Stacey,Garcia,Account Executive,2010-03-03,Finance,58989
182,Michelle,Hooper,Sales Manager,2010-07-11,IT,72726
183,Nicholas,Oliver,Sales Representative,2014-11-15,Sales,110540
184,Michelle,Carter,Sales Representative,2015-02-23,Marketing,119837
185,Breanna,Estrada,Sales Representative,2014-04-02,Marketing,81168
186,Jennifer,Higgins,Account Executive,2018-11-28,Finance,104669
187,William,Stanley,Sales Manager,2014-06-26,Finance,113040
188,Natasha,Melendez,Sales Manager,2012-04-24,IT,111616
189,Chad,Mcneil,Sales Representative,2011-02-22,Finance,47408
190,Barry,Velez,Sales Manager,2015-11-24,Sales,44153
191,Carla,Medina,Sales Representative,2019-09-29,Sales,51055
192,James,Ray,Sales Manager,2013-05-24,Sales,59760
193,Holly,Matthews,Account Executive,2021-01-08,IT,57752
194,Jennifer,Ruiz,Account Executive,2011-06-27,IT,43800
195,William,Thomas,Sales Manager,2020-06-04,Finance,106573
196,Andrea,Richmond,Account Executive,2023-09-20,IT,70054
197,Gabriela,Scott,Account Executive,2011-03-12,Sales,101816
198,Sherri,Perez,Account Executive,2024-06-12,HR,66866
199,Victoria,Jones,Sales Representative,2017-11-01,Sales,40992
200,Michele,Jackson,Sales Manager,2020-05-25,HR,63696
201,Michael,Young,Sales Manager,2021-08-27,Finance,100282
202,Elizabeth,Walters,Sales Representative,2016-03-03,Marketing,113541
203,Trevor,Smith,Sales Representative,2011-07-27,IT,92838
204,Sarah,Nguyen,Account Executive,2019-12-20,IT,69400
205,Leah,Armstrong,Sales Manager,2019-06-02,Sales,57565
206,Michelle,Greene,Sales Representative,2018-03-30,Sales,79585
207,Paula,Bradshaw,Account Executive,2010-06-22,HR,74833
208,Bruce,Whitney,Sales Manager,2014-07-29,IT,52094
209,Adriana,Munoz,Account Executive,2020-03-07,Finance,71280
210,Aaron,Rivera,Sales Manager,2010-06-22,Sales,86647
211,Brenda,Cisneros,Account Executive,2019-08-17,IT,84378
212,Gregory,Wood,Sales Manager,2024-10-13,Marketing,59513
213,Steven,Baldwin,Sales Manager,2016-06-26,HR,40154
214,Jamie,Long,Sales Manager,2011-11-08,Sales,68134
215,Jennifer,Delgado,Sales Manager,2010-05-29,Sales,48678
216,Rachel,Jacobs,Account Executive,2020-07-20,Finance,46294
217,Jacqueline,Hopkins,Sales Representative,2021-08-12,Sales,49574
218,Diane,Kim,Sales Manager,2016-11-17,IT,75183
219,Susan,Keller,Sales Manager,2022-02-16,IT,88747
220,Philip,Woodard,Sales Manager,2016-07-28,IT,106606
221,Michelle,Craig,Sales Manager,2014-06-21,Marketing,58638
222,Dana,Thomas,Account Executive,2019-02-07,Marketing,97194
223,Lisa,Haynes,Sales Representative,2013-05-31,Sales,87553
224,Mallory,Johnson,Sales Representative,2011-05-06,Marketing,66082
225,Robert,Greene,Sales Representative,2011-02-10,Marketing,56306
226,Terri,Hoffman,Account Executive,2022-01-18,Finance,47807
227,Gabriella,Bentley,Sales Representative,2024-10-30,Marketing,91342
228,Elizabeth,Mathews,Account Executive,2018-09-02,HR,72143
229,Lauren,Harvey,Account Executive,2012-04-23,HR,98414
230,Marilyn,Robinson,Sales Manager,2014-02-12,HR,64715
231,Leslie,Reed,Account Executive,2011-10-19,Sales,102054
232,Michael,Washington,Sales Representative,2014-07-14,IT,112934
233,James,Walters,Sales Representative,2013-04-06,Finance,52202
234,Dana,Howard,Sales Representative,2024-02-17,Sales,67987
235,James,Holmes,Sales Manager,2016-04-24,IT,75740
236,Paige,Wheeler,Sales Manager,2017-08-15,Finance,116848
237,Brandon,Moss,Sales Manager,2020-01-08,Finance,93871
238,Lindsey,Thompson,Account Executive,2019-03-26,Finance,53627
239,Karen,Sullivan,Sales Representative,2011-05-08,HR,91069
240,Bailey,Glenn,Account Executive,2011-08-19,HR,80409
241,Christina,Roth,Account Executive,2010-12-14,HR,101486
242,Robert,Swanson,Sales Representative,2012-05-29,Finance,41611
243,Jack,Hensley,Sales Manager,2024-06-13,Finance,71657
244,Christopher,Wilson,Sales Representative,2021-12-29,HR,58462
245,Melissa,Wade,Account Executive,2017-08-15,Finance,116309
246,Morgan,Perez,Account Executive,2014-05-24,HR,78547
247,Ronald,Ray,Sales Manager,2018-07-21,HR,69063
248,Michelle,Yates,Account Executive,2019-04-09,HR,119397
249,Karen,Wilson,Account Executive,2011-10-14,IT,92788
250,Bryce,Henry,Sales Representative,2016-09-17,Finance,82523
251,Timothy,Lester,Sales Manager,2019-04-27,Sales,70284
252,Kelly,King,Sales Representative,2011-06-09,HR,103996
253,Elizabeth,Haley,Sales Representative,2019-07-19,Sales,106247
254,Robert,Wade,Sales Representative,2011-08-15,IT,53706
255,Dillon,Black,Account Executive,2024-08-28,Finance,50924
256,April,Boone,Account Executive,2017-04-28,HR,55921
257,Gina,James,Sales Manager,2014-11-14,HR,65432
258,Amanda,Jackson,Account Executive,2019-04-11,HR,57813
259,David,Hayden,Sales Manager,2021-02-03,Sales,105250
260,Jessica,Leach,Sales Representative,2017-09-07,IT,108956
261,Kenneth,Smith,Sales Representative,2023-04-23,Finance,42068
262,Tanya,Rojas,Account Executive,2011-06-11,IT,79927
263,Ricky,Gray,Account Executive,2024-03-28,HR,110342
264,Denise,Meza,Sales Manager,2013-11-27,IT,70539
265,Jessica,Frederick,Account Executive,2015-03-01,Sales,51683
266,Roberta,Miller,Account Executive,2010-08-14,Marketing,75674
267,Jorge,Hendricks,Account Executive,2023-06-10,Marketing,92703
268,Patrick,Allison,Sales Representative,2021-01-19,Finance,98810
